{"m5fW0/qm1vKIgfbBQ/yaTg==":"logo1-121x37.png","1Wd1eM/MvLUlfDLTH4cpOg==":"ds-696x391.jpg","JVVvr8q0vQ3Xljh6HHdskw==":"ds-696x391.jpeg","Ww7GmlEIV6TWqVFA1LU4eg==":"arrays-640x476.jpg","zUg4sSInikkG2nTPUYfv1Q==":"java-225x225.png","HkZPPuuNc/8KVJ+kPghpdA==":"artificial_intelligence-506x235.jpg","MuoZSDZu1Kdi9krN6InJcA==":"machine_design-506x262.jpg","AIO3Vp8mE+F+wxv63eF5RQ==":"thermodynamics-464x244.png","oCX0NTSDKrWhn6in8Jbo0A==":"big_data-506x337.jpg","5g/wun+1U9T5gx302CzI/Q==":"big_data-506x337.jpeg","cONM7ly1TptIBcPDJWqqmA==":"big_data-1-506x337.jpeg","GT5Si1zOZ5Zh3kUIfJMbMQ==":"hr_interview-595x395.jpg","HlNy6seo/CmFze0Fsrdu6w==":"behavioural_interview-262x192.jpg","0D9GS+rvydmtikh/9OZ/Qw==":"communication_skills-696x392.jpg"}